iterasi,objective_value
1,62.792099666581684
2,41.15962887402911
3,41.82488089709628
4,41.29296977221452
5,43.149437115605345
6,44.233331606159496
7,44.43111071747727
8,44.01064779945618
9,44.37033179120826
10,44.021595235938534
11,44.265571867320176
12,44.51048427299159
13,44.554100723609935
14,44.53367790171852
15,44.48780728154776
16,44.48685016584614
17,44.4868369500776
18,44.48683652954573
19,44.486836513988784
20,44.48683651339577
