iterasi,objective_value
1,51.90528001664907
2,43.7142958307176
3,43.843043905471504
4,45.73761811411804
5,46.74129907995706
6,46.95703361100467
7,44.18863166958972
8,44.00174763684365
9,45.12534238494389
10,43.76637168355105
11,43.709264815463015
12,43.708866807038625
13,43.845127979200726
14,43.87986755996677
15,43.966706827583295
16,43.96567699630458
17,43.96565746846781
18,43.965656615650005
19,43.965656577499075
20,43.9656565757904
21,43.965656575713865
