iterasi,objective_value
1,57.730095065575014
2,45.15611194637881
3,44.52706981751881
4,44.04201865166589
5,45.06136373224885
6,45.37491829351633
7,44.578244806366584
8,44.155188927430146
9,43.539419695580094
10,43.48566312599699
11,43.787433810188375
12,44.26565806272313
13,44.36473680633928
14,44.363775826482595
15,44.36377072936074
16,44.36377059222584
17,44.363770587514786
18,44.36377058734702
