iterasi,objective_value
1,41.96772056119891
2,39.36153617729742
3,41.4963512666216
4,43.09277830367607
5,43.32275095219822
6,42.975475175666254
7,43.86258076834203
8,44.33884637513637
9,43.94997530093419
10,44.01805956905099
11,44.30235214943871
12,44.330748517350926
13,44.28341521885069
14,44.33586751818563
15,44.33522300974563
16,44.33521595597547
17,44.335215735102565
18,44.335215727002954
19,44.33521572669661
