iterasi,objective_value
1,27.908591671012875
2,28.715882470705388
3,35.377950095680625
4,34.69345024369392
5,38.01818311570808
6,41.28463415643678
7,41.0515928488448
8,43.51283223874877
9,43.42172099449472
10,43.740297302024004
11,43.51257860653159
12,43.49302896799717
13,43.49288095679263
14,43.49287950570726
15,43.49287948758034
16,43.4928794872486
