iterasi,objective_value
1,50.94272227635799
2,50.7357910308031
3,50.01555994621749
4,50.48277222381343
5,50.17784562148629
6,47.660001465809906
7,46.80681878844356
8,47.64931538930129
9,47.64361440421837
10,47.42438953240384
11,47.39687782731552
12,47.466006957816305
13,47.46275863899004
14,47.462630234144186
15,47.462623771560246
16,47.462623444456185
17,47.46262342789582
18,47.46262342705742
