iterasi,objective_value
1,61.161836217391716
2,45.59537747714576
3,47.182051590068625
4,45.533474370769596
5,45.445538278780155
6,45.240134308167626
7,45.2697717714248
8,45.237066097730164
9,45.510435740508676
10,45.374995959193136
11,45.37326621913823
12,45.3732478860898
13,45.37324759120733
14,45.373247586350004
15,45.37324758626974
