iterasi,objective_value
1,53.26984710444448
2,49.419375931341115
3,48.113081812379846
4,45.57856833530922
5,42.02962487442181
6,42.4751629323983
7,43.25161719643987
8,42.575256627098554
9,42.292239921713545
10,43.15429249020096
11,43.61823976687856
12,43.83608665227009
13,44.448296966480555
14,44.350806898539425
15,44.36329830054454
16,44.40991332841524
17,44.461720399474075
18,44.461134819146494
19,44.4611308764713
20,44.46113079882087
21,44.46113079667276
