iterasi,objective_value
1,52.58085580076502
2,37.53087180493563
3,40.51464917174147
4,44.013559462420105
5,44.478961620966544
6,44.627526343638564
7,44.51258913682864
8,44.48676229092256
9,44.50100223889851
10,44.50077618539371
11,44.500770584290535
12,44.50077039084066
13,44.50077038406712
14,44.50077038382941
