iterasi,objective_value
1,51.91068780273104
2,43.03256003176297
3,45.062362224252695
4,43.62895029071303
5,44.66122342645127
6,43.984166509177264
7,43.89607974224597
8,44.00176091311972
9,44.85137661747581
10,44.6706054810808
11,44.492109600691805
12,44.485819532695274
13,44.485695849899386
14,44.4856904341997
15,44.485690185413276
16,44.485690173962915
17,44.4856901734359
