iterasi,objective_value
1,51.68247039051016
2,47.15213817203934
3,45.18783634178138
4,45.76130373573835
5,44.44745406367774
6,44.391045169624284
7,44.263656134876726
8,44.24896534893219
9,44.37812550864744
10,44.50336099438537
11,44.500806002368236
12,44.50077145251144
13,44.50077041977969
14,44.50077038506616
15,44.500770383864285
