iterasi,objective_value
1,62.37638290090708
2,50.242886132084195
3,49.60094665879062
4,48.87756891093784
5,48.13051667390826
6,48.36852062715058
7,46.62596872284777
8,45.9680736753515
9,46.18198968272135
10,46.134633316323416
11,45.72769938552513
12,45.64666119317005
13,45.65021097885022
14,45.67160828001769
15,45.670808736421925
16,45.67077282757087
17,45.67077099820624
18,45.670770904793365
19,45.670770900020905
20,45.670770899777025
