iterasi,objective_value
1,52.70969200492671
2,44.516956899669374
3,43.61597740127671
4,42.918063256364476
5,44.30404628633731
6,44.392597517339986
7,44.35791428616717
8,44.57193304076703
9,44.679517820731945
10,44.57697847025783
11,44.80128482804004
12,44.67327637292561
13,44.610933987986655
14,44.50656412609575
15,44.56496395164697
16,44.562604318482045
17,44.562531252956944
18,44.56252791500445
19,44.562527761355575
20,44.56252775427847
21,44.562527753952466
