iterasi,objective_value
1,56.36005050914371
2,40.18265779671546
3,38.082611758039846
4,39.88702279432094
5,40.175635625734564
6,44.52872395828179
7,45.918979674213794
8,44.07884691398638
9,43.25064521748725
10,43.514720423614506
11,43.507899653624186
12,43.50783911223344
13,43.50783784193272
14,43.507837806162065
15,43.50783780500698
