iterasi,objective_value
1,59.24197549788074
2,40.5811162579339
3,42.89507165950508
4,42.79960691608249
5,44.02342798143621
6,46.14369770038686
7,45.14841998775687
8,44.81614830542549
9,44.60272684458708
10,44.87933860791007
11,45.48043283597306
12,45.392287942372384
13,45.37344739136263
14,45.37324994589756
15,45.373247614945384
16,45.37324758662955
17,45.37324758627312
