iterasi,objective_value
1,43.28486216605056
2,41.838240628168094
3,42.795297457840434
4,43.58081295114884
5,42.93220628050121
6,43.088785923041534
7,43.21133671514286
8,43.45353963746879
9,43.528423183539374
10,43.59474227284322
11,43.59229727168548
12,43.59226613288044
13,43.59226554916275
14,43.59226553626744
15,43.59226553592667
