iterasi,objective_value
1,51.607582335213486
2,40.58687648695393
3,43.07513774039133
4,44.876504054959724
5,47.920606607564984
6,48.31876598857428
7,49.11116401246869
8,50.23238546597373
9,50.47591435084857
10,50.4432733707136
11,50.375154813610386
12,50.3739099225715
13,50.37384522389513
14,50.394265444447484
15,50.39395522675332
16,50.39394153537661
17,50.39394055101176
18,50.39394047922717
19,50.39394047398374
20,50.39394047360065
