iterasi,objective_value
1,35.21744663895089
2,36.0861357160673
3,41.665308775263746
4,43.824858248560226
5,42.94946710085835
6,43.341935505530444
7,43.463191033813374
8,43.412667374315554
9,43.35593554827281
10,43.808824174291594
11,44.06132196210518
12,44.125512917521576
13,44.55210899806748
14,44.51247383990673
15,44.55956532129096
16,44.55752346495966
17,44.55749199956699
18,44.55749128590212
19,44.55749126693701
20,44.557491266368295
