iterasi,objective_value
1,62.0549586707473
2,43.13934175919841
3,42.72879912936003
4,41.683767010690985
5,42.39647098806322
6,43.15158780950331
7,43.18335827111139
8,43.2689703637552
9,43.77672777255458
10,44.112486706401526
11,44.38098519323918
12,44.42679761648262
13,44.479726458462565
14,44.47404158174118
15,44.523941386702006
16,44.53849397617215
17,44.53830809675482
18,44.53830380484874
19,44.53830365595965
20,44.538303650726014
21,44.53830365054169
