iterasi,objective_value
1,49.028756723740614
2,40.68463854071801
3,37.50897537297022
4,38.67574954799318
5,37.14608185023768
6,36.53059063688146
7,36.288453788143656
8,36.335126441460545
9,36.33428518796437
10,36.33428064528633
11,36.33428059491128
12,36.33428059427993
