iterasi,objective_value
1,53.66795696982727
2,45.6220909609806
3,44.86940450836086
4,45.378907563015886
5,44.70135461045453
6,43.9674271690746
7,43.91363337580769
8,43.91977877420081
9,44.007953756264186
10,44.01790863787453
11,44.05992346443931
12,44.10760813288109
13,44.274047342947696
14,44.37695845915454
15,44.33875273976008
16,44.38616015973979
17,44.27894947435659
18,44.27768586005216
19,44.27767291688017
20,44.27767250949515
21,44.2776724949654
22,44.27767249443235
