iterasi,objective_value
1,79.4988032404969
2,45.23733907570077
3,40.22685251589488
4,39.316654908409795
5,38.629492346765204
6,37.87271116115248
7,40.7626972382339
8,42.682891590622724
9,43.43311074414896
10,43.292098081471764
11,43.00776333546968
12,43.94491192456647
13,44.088349715655575
14,44.40188101941145
15,44.480938386598524
16,44.474128147508026
17,44.5239477837538
18,44.53849528703651
19,44.53830814103864
20,44.538303806398865
21,44.53830365601418
