iterasi,objective_value
1,47.04535740571331
2,43.293409599284885
3,43.07650657346786
4,43.154828488350184
5,42.98497345847048
6,45.12772382640931
7,44.432520376835924
8,44.5363786872761
9,44.28949801062816
10,44.60347118765233
11,44.56895730207356
12,44.5026540175277
13,44.500794215439264
14,44.50077081158944
15,44.50077039307854
16,44.50077038406191
