iterasi,objective_value
1,46.2559845545143
2,41.741893294986525
3,40.19457836642684
4,41.46408431063686
5,42.462607695845264
6,44.00239741411325
7,44.597528921273295
8,44.199612462282545
9,44.85338261160346
10,44.66999601226405
11,44.49200930755113
12,44.48581448362705
13,44.48569561620313
14,44.48569042343528
15,44.48569018491776
16,44.48569017394011
