iterasi,objective_value
1,30.659107685859716
2,32.20103296734089
3,40.601243493211854
4,42.504770566029535
5,42.59708123681592
6,44.787764434270244
7,44.30544438606296
8,44.37359510298578
9,44.35563932573537
10,44.364366957278826
11,44.36378868648138
12,44.36377122613919
13,44.36377061016111
14,44.363770588158125
