iterasi,objective_value
1,54.734744568116525
2,50.08848721830531
3,50.84688871219089
4,49.94075019767587
5,50.441781695134104
6,50.29089849474107
7,50.24645876561412
8,50.218188536714564
9,50.19317361050676
10,50.12944594625317
11,50.151245923736255
12,50.179888716291934
13,50.07854198334188
14,50.01485965990247
15,50.00799389603952
16,50.00772631148
17,50.00770192384277
18,50.00769946655863
19,50.00769921566339
20,50.00769919000234
