iterasi,objective_value
1,40.020383819344204
2,43.49817309041104
3,43.923911558339356
4,42.79658964933879
5,42.783691102959345
6,43.483101483413904
7,43.546135448964904
8,43.37458491870666
9,43.84311995662571
10,44.2112660507468
11,44.329935671986945
12,44.28322293408411
13,44.33584663571217
14,44.33522217808127
15,44.33521592354675
16,44.33521573385442
