iterasi,objective_value
1,51.52658084969538
2,45.05879234240306
3,45.56045227898751
4,45.000894448825846
5,44.455719648884894
6,44.20109768146859
7,43.97946654579333
8,43.79854223797325
9,43.408993175484426
10,43.74011910027107
11,43.84735314731587
12,43.880362169062806
13,43.96679656871558
14,43.96568086356884
15,43.965657641412676
16,43.96565662339485
17,43.96565657784596
