iterasi,objective_value
1,50.114757194394485
2,43.28768494015664
3,42.90466436548556
4,43.66364481700087
5,44.26991838106964
6,44.85037750705064
7,45.92490857464537
8,46.399047539730475
9,46.39442745563424
10,46.43847586729798
11,46.436732197081824
12,46.436712420036585
13,46.43671213813131
14,46.436712134049245
