iterasi,objective_value
1,53.047219957086114
2,42.366114372228324
3,40.768189096239
4,42.405133396608775
5,42.2760492171847
6,44.37818590308271
7,44.6487064296215
8,44.392191897486676
9,44.11597903414008
10,44.3980721319552
11,44.47875257501306
12,44.511836841625026
13,44.50086794253258
14,44.50077188769933
15,44.50077041074904
16,44.50077038439778
