iterasi,objective_value
1,59.92317151319364
2,50.461941222927884
3,49.56268430041329
4,47.376790285317256
5,47.16295542555855
6,47.18303368043193
7,47.18881698189314
8,47.449470056270364
9,47.463950729290715
10,47.462686265775076
11,47.46262660856381
12,47.462623588104236
13,47.46262343516847
14,47.46262342742561
