iterasi,objective_value
1,46.349751296461434
2,38.984980076546265
3,45.47632729239093
4,44.93610540464984
5,44.01107254003324
6,44.29192530525103
7,44.295781325572065
8,44.11594925217897
9,43.79100596900821
10,43.93866902156701
11,43.849920797283794
12,43.88037799966665
13,43.966797578219655
14,43.965680952303174
15,43.965657645546
16,43.96565662358077
17,43.9656565778543
