iterasi,objective_value
1,45.3710010774377
2,40.430069377124866
3,39.79475073550182
4,41.12182973751014
5,46.373910009145156
6,45.47218678295485
7,44.970713176036575
8,45.09427686739014
9,44.72988696640796
10,44.289310922485036
11,44.07827253265912
12,43.672335872846006
13,43.93201066490871
14,43.849515490012735
15,43.88034468046722
16,43.966792496269235
17,43.96568072758196
18,43.96565763544517
19,43.96565662312793
20,43.96565657783401
