iterasi,objective_value
1,51.89157750198058
2,41.23729227832878
3,40.24817583165003
4,40.948571095399046
5,42.00782471254863
6,43.49314061624224
7,45.882513802279405
8,47.809772904608636
9,47.911004901354865
10,48.22866014679059
11,48.06956665185063
12,48.32112827271446
13,48.54265681722561
14,49.15196608221584
15,49.168137324167915
16,49.3071148513668
17,49.503959004476435
18,49.48515126968703
19,49.484919227188435
20,49.48491560184512
21,49.484915543153875
