iterasi,objective_value
1,49.02017286940277
2,48.339698044534266
3,48.19262691163302
4,46.55300119841232
5,45.89591362273838
6,45.5168491015363
7,45.48818414082392
8,45.37855408817643
9,45.30065922339342
10,45.711426018028256
11,45.727206951647005
12,45.72676930462026
13,45.72675663768929
14,45.726756135082944
15,45.72675611480313
