iterasi,objective_value
1,56.74868156433112
2,46.8885371244583
3,47.23802020194413
4,51.45557089272364
5,48.92680032446887
6,48.0980301825688
7,47.901407234709275
8,48.12664106795219
9,48.08475238210787
10,48.200648467441006
11,48.009781413061276
12,48.25720793374774
13,48.25380349318145
14,48.25372217489432
15,48.25371866466784
16,48.25371850770928
17,48.25371850062356
