iterasi,objective_value
1,71.59684915213064
2,52.566285468223285
3,52.514349075090074
4,52.289656880634354
5,52.22217590752253
6,51.41143055028544
7,50.04491862731136
8,52.12965128791877
9,52.02385847835608
10,52.11765423532679
11,51.704449290276024
12,51.43425075818225
13,51.55124633269651
14,51.186090754545596
15,51.32833911647812
16,50.73879305451786
17,50.64684993461621
18,50.59245868594727
19,50.59146804262487
20,50.591429662694935
21,50.59142745737423
22,50.59142732749886
