iterasi,objective_value
1,47.099099888707286
2,34.67541040764759
3,34.797470226250866
4,34.26890205074383
5,34.01195274067193
6,33.87709715810988
7,33.79167017965196
8,33.72940692593825
9,33.72804623517312
10,33.72796703857798
11,33.727933083585576
12,33.72791713834196
13,33.72790960067239
14,33.727906026275775
15,33.72790432546944
16,33.72790351231643
17,33.72790312081889
18,33.72790293035965
19,33.72790283627661
20,33.72790278877418
21,33.72790276406009
22,33.727902750693794
