iterasi,objective_value
1,52.888256497573366
2,36.49677381999925
3,38.00944702673168
4,37.92522876293339
5,37.71788112251004
6,37.8223690069415
7,37.92557527462403
8,38.00460384946757
9,38.01584438926305
10,38.01500388331891
11,37.98454100055349
12,38.14553037294362
13,38.129769858630084
14,38.12957273441836
15,38.12957088068741
16,38.12957084723589
