frcm_iter,refine_objective
1,55.73987303583611
2,54.724376822181284
3,53.543343627278674
4,52.816308319492535
5,52.73979583847537
6,53.041393841991976
7,52.95887579763797
8,52.9579891213057
9,52.88746804170632
10,52.88680322454822
11,52.88679724828171
12,52.88679713944497
