frcm_iter,refine_objective
1,49.50965680583337
2,52.29305378329107
3,52.1891659957993
4,52.2432220584232
5,51.85613212778986
6,50.449966278043966
7,50.798798366267434
8,51.13056485538672
9,49.845298250727694
10,49.78470149199785
11,49.22204413416884
12,49.258479247234185
13,49.15827615775227
14,49.272132976202414
15,49.26561738405816
16,49.265600266798764
17,49.265599951454504
18,49.26559993788464
