frcm_iter,refine_objective
1,45.14688636090799
2,47.30920684157104
3,49.91355028438042
4,49.168751427351964
5,49.26861983397357
6,49.26560766148596
7,49.26559998663865
8,49.265599937921664
