frcm_iter,refine_objective
1,47.78000260129903
2,50.7699622261276
3,52.44937445710511
4,54.69945078519636
5,55.625561992449974
6,55.12773673537413
7,54.9649440430756
8,54.85929134013035
9,54.79928168690941
10,54.76189894802079
11,54.8457690945376
12,54.948152261173476
13,55.08040361872298
14,55.0789244375425
15,55.12285434376753
16,55.12248107735888
17,55.122476445851206
18,55.1224763357521
19,55.12247633310879
