frcm_iter,refine_objective
1,54.05151264990336
2,53.32627997416374
3,52.50862931323714
4,52.46580961453839
5,51.887806387421264
6,50.51520704078093
7,50.766106988613735
8,51.08577943169669
9,49.7940396437497
10,49.699234924853656
11,49.18127643130914
12,49.28288959116885
13,49.157485065267394
14,49.27205906886694
15,49.26561433835636
16,49.265600113963174
17,49.26559994372391
18,49.265599937493384
19,49.265599937190025
