frcm_iter,refine_objective
1,40.69262270332857
2,44.122140988032704
3,47.433422695669655
4,48.69492399655285
5,50.22097335066781
6,51.26280393968294
7,52.62655027420243
8,52.28186275458713
9,52.677596011940224
10,52.672493407819445
11,52.67248638528404
12,52.672486097442075
13,52.67248607689447
14,52.67248607523266
15,52.6724860750956
