frcm_iter,refine_objective
1,49.31210560781284
2,55.58088795721824
3,55.30325301611633
4,55.75735290473955
5,55.28554082474696
6,55.39267793458438
7,54.96884180083167
8,54.922078878896585
9,54.7692467286849
10,54.728903019350696
11,54.81218250100972
12,54.91414068877025
13,55.04527434020923
14,55.087485460566306
15,55.08700822470767
16,55.08700112953444
17,55.08700096091981
18,55.087000956883934
19,55.08700095678721
