frcm_iter,refine_objective
1,52.833361404044005
2,54.22374990102368
3,55.42088572520926
4,55.71545318621891
5,55.28383918284781
6,55.42940419659754
7,55.00155339618109
8,54.954631076731786
9,54.859159468133285
10,54.79927213003798
11,54.76189731977688
12,54.845768803467614
13,54.948152173485354
14,55.08040360777558
15,55.07892443727016
16,55.12285434362681
17,55.122481077355516
18,55.12247644585112
19,55.12247633575208
20,55.122476333108786
