frcm_iter,refine_objective
1,53.4314434747212
2,47.85690905915972
3,51.78344891370432
4,51.86607293568102
5,52.39873773664921
6,52.43016467654108
7,52.50476792388331
8,52.63869131596371
9,52.70589503492427
10,52.6730832785841
11,52.67251876129227
12,52.672488737526635
13,52.67248629507025
14,52.67248609328331
15,52.67248607658917
16,52.67248607520786
