frcm_iter,refine_objective
1,50.14691171277448
2,49.33466492214055
3,49.12977474831409
4,49.32280482563165
5,49.450893331442934
6,49.486630245231765
7,49.19480362206589
8,49.26853980552829
9,49.26571186337037
10,49.26560555598927
11,49.265600221436486
12,49.2655999515616
13,49.265599937902145
14,49.26559993721077
