frcm_iter,refine_objective
1,45.54328887594619
2,44.679131716525035
3,48.73149912537497
4,50.21781520331296
5,52.664225308595235
6,52.748783360041784
7,52.37103946925946
8,52.294051787229364
9,52.6780595810066
10,52.67252047518753
11,52.67248881207984
12,52.6724863009601
13,52.672486093769336
14,52.67248607662938
15,52.67248607521118
