frcm_iter,refine_objective
1,54.465741289618435
2,55.62258925165838
3,55.317016572109935
4,55.36769949018549
5,54.97029820851389
6,54.92215183079946
7,54.76926068221705
8,54.72890434264278
9,54.81218262931627
10,54.91414073092651
11,55.045274344221944
12,55.08748546101567
13,55.087008224717984
14,55.087001129534684
15,55.08700096091981
16,55.08700095688394
17,55.08700095678721
