frcm_iter,refine_objective
1,54.06740247115826
2,52.237677680283866
3,49.14907267739372
4,48.768228256788554
5,49.08189710111273
6,49.2747284730889
7,49.265742618169554
8,49.26560670132704
9,49.26560027772605
10,49.26559995440239
11,49.265599938045895
12,49.26559993721805
