frcm_iter,refine_objective
1,53.862270424318716
2,52.99174926332806
3,53.03882798129295
4,52.9588298227559
5,52.95798843077972
6,52.88746753362366
7,52.886803214506166
8,52.886797248090005
9,52.88679713944132
