frcm_iter,refine_objective
1,49.05937398216855
2,48.927776050803445
3,49.08930238622673
4,49.363203968303964
5,49.332862222580076
6,49.31613335617598
7,49.24021236755433
8,49.244927871429084
9,49.26641874319009
10,49.26563661101623
11,49.26560179111095
12,49.26560003101158
13,49.26559994192357
