frcm_iter,refine_objective
1,47.87296961317615
2,49.139282391444354
3,49.48375347794327
4,49.262133885310895
5,49.25640120593083
6,49.157901212703976
7,49.27210466784837
8,49.26561756771109
9,49.26560028242713
10,49.26559995227791
11,49.26559993792649
