frcm_iter,refine_objective
1,49.158213142974
2,49.47417199167643
3,49.99560457058843
4,49.74955360332558
5,52.05129446197128
6,52.34708250315989
7,52.42751878903938
8,52.397562239442905
9,52.452138392622324
10,52.36783966336796
11,52.350583162567176
12,52.45230398683203
13,52.46755363832178
14,52.58936902039231
15,52.58668563197083
16,52.58665176367351
17,52.586650760971494
18,52.58665073094544
