frcm_iter,refine_objective
1,49.109204573149356
2,49.21423663838989
3,49.75108566063614
4,49.22295969607666
5,49.31312675892038
6,49.21023303547916
7,49.12598558408289
8,49.251389039922415
9,49.26649544544577
10,49.265639824378674
11,49.26560195138242
12,49.265600039113075
13,49.26559994233358
