frcm_iter,refine_objective
1,54.558142604960736
2,54.54076342159037
3,53.07198640972419
4,52.746467222023895
5,52.73191112998382
6,53.03904700216066
7,52.958821300457956
8,52.957988160779884
9,52.887467290241574
10,52.88680320925242
11,52.886797247988966
12,52.886797139439395
