frcm_iter,refine_objective
1,37.92225785461478
2,37.64286371763289
3,37.617780572944525
4,40.14004806338663
5,50.477374943029176
6,53.46510786834698
7,53.83474582648867
8,53.83084453006183
9,53.76709518296947
10,54.060492889200276
11,54.0545159022327
12,54.077405768461794
13,54.24137812564831
14,54.23987200790729
15,54.23986312135081
16,54.239862907920205
